Question,Answer,,,,,,,
"1. What is the part number for the ""32-bit Low-Power MCU Tools""?",DM320204, DM320205, ATSAML21-XPRO-B, SAML22-XPRO-B, ATSAMG55-XPRO, and ATPOWERDEBUGGER.,,
2. What do low-power MCUs enable in terms of battery life and design?,Low-power MCUs enable long battery life and a small form factor for ease of use.,,,,,,,
3. What kind of devices are ideal for low-power MCUs?,Fitness monitors, glucose meters, blood pressure meters (sphygmomanometer), ECG/EKG machines, oxygen concentrators, digital thermometers, CPAPs, and pulse oximeters.
4. How many segment LCDs can low-power MCUs support?,They can support up to 480 segment LCDs for rich information displays.,,,,,,,
"5. What does the ""Battery Life Estimator"" tool assist with?",It aids in developing low-power applications with Microchip's low-power microcontrollers by estimating average current consumption and battery life.,,,,,,,
6. What is the core challenge when selecting a microcontroller for power-constrained designs?,Finding the right balance of power consumption and performance.,,,,,,,
7. Which MCUs are options for reducing power consumption in IoT, consumer, industrial, medical, and other battery-powered devices?,Devices range from the SAM D Arm Cortex-M0+ based MCUs to the PIC32C Arm Cortex-M23 and SAM L Arm Cortex-M0+ based MCUs to the SAM Arm Cortex-M4F based MCUs and the PIC32MX family of eXtreme Low Power (XLP) MCUs.,,,
"8. What is the purpose of the ""Data Visualizer"" tool?",The Data Visualizer processes and visualizes data, tracking an application's runtime using a terminal graph or oscilloscope, and analyzing power consumption.,,,,,
9. What are the features of the PIC32CM LE00 Curiosity Pro kit?,It is ideal for evaluating the ultra-low power PIC32CM LE00 Arm Cortex-M23-based MCUs and contains an Arduino Uno connector, mikroBUS socket, and extension headers.,,,,,
10. What is the significance of the SAM L11 Xplained Pro Evaluation Kit?,It's ideal for evaluating and prototyping with the ultra-low power SAM L11 Arm Cortex-M23 based MCUs that feature chip-level security and Arm TrustZone technology.,,,,,,,
11. What does the MPLAB X IDE support?,It supports all PIC MCUs and dsPIC DSCs, providing an integrated environment to develop code for embedded microcontrollers.,,,,,,
12. Describe the MPLAB Code Configurator.,It's a free graphical programming environment that generates seamless, easy-to-understand C code, using an intuitive interface to configure peripherals and functions.,,,,,
13. What does the Microchip Studio platform cater to?,It's the integrated development platform for developing and debugging all AVR and SAM microcontroller applications.,,,,,,,
14. How does SleepWalking technology benefit low-power MCUs?,SleepWalking with dynamic power gating allows the MCU to be in deep sleep and only wake up upon a pre-qualified event.,,,,,,,
15. What's a notable feature of the SAM L21 for wearable applications?,It includes the small-sized, fully certified BTLC100 Bluetooth module and several sensors.,,,,,,
"16. What is the main focus of the content titled ""Reduce Power Consumption in High-Performance Designs""?",It emphasizes the importance of ultra-low-power and low-power 32-bit MCUs in achieving a balance between power consumption and performance.,,,,,,,
17. What does the MPLAB Xpress platform offer?,It's an online development environment that contains features of the MPLAB X IDE, offering a starting point for new users of PIC microcontrollers without any downloads or machine configuration.,,,,,,
18. What is the operating voltage range of the SAM and PIC32 family derivatives?,1.62V–3.6V.,,,,,,,
"19. What is a notable feature of the PIC32MM ""GPL"" XLP family of low-cost MCUs?","The PIC32MM ""GPL"" XLP family offers an increase in performance at almost half of the run current.",,,,,,,
20. What does the MPLAB XC32 provide?,It provides a comprehensive solution for a project's development software needs and integrates with the MPLAB X IDE.,,,,,,,
"21. How does the ""Battery Life Estimator"" tool model the application's operating conditions?",It allows users to select the target device, battery type, and the application’s operating conditions such as voltage and temperature.,,,,,
"22. What are some benefits of low-power MCUs mentioned in the ""Benefits of Ultra-Low Power PIC and SAM MCUs"" section?",Active mode current down to 25 ?A/MHz, deep sleep current down to 100 nA, and SRAM retention (40 KB) down to ~1 ?A.,,,,,
23. Which technology offers 4 ?A standby with multi-button wake on touch?,The Enhanced Peripheral Touch Controller (PTC).,,,,,,,
"24. What is the importance of the ""Event System"" in low-power MCUs?",It provides CPU-independent, inter-peripheral communication, which offloads and minimizes CPU active time.,,,,,
"25. How does ""Automatic voltage regulator switching"" benefit low-power MCUs?",It has multiple operating modes and offers automatic power domain gating.,,,,,,,
26. Which MCU is notable for achieving the highest certified ULPMark score for any Arm Cortex-M23 or Arm Cortex- M0+ class device?,The SAM L11 MCU.,,,,,,,
"27. What type of applications is the ""Battery Life Estimator"" tool particularly useful for?",It's useful for low-power applications with Microchip's low-power microcontrollers.,,,,,,,
28. How does the MPLAB Xpress platform facilitate community interaction?,The MPLAB Xpress platform has a community where users can share code, ideas, and knowledge.,,,,,
29. What are the power-saving techniques offered by the 32-bit MCUs?,The MCUs offer ultra-low-power and low-power techniques.,,,,,,,
"30. What does the ""Data Visualizer"" tool correlate for power consumption analysis?",It correlates code execution and power consumption.,,,,,,,
31. How do the SAM L10 and SAM L11 Xplained Pro Evaluation Kits differ in terms of security features?,The SAM L11 features chip-level security and Arm TrustZone technology, whereas the SAM L10 does not have these specified security features.,,,,,,
32. Which kit is ideal for evaluating and prototyping with the SAM 4L Arm Cortex-M4 processor-based MCUs?,The kit ideal for the SAM 4L Arm Cortex-M4 processor-based MCUs is not explicitly mentioned.,,,,,,,
"33. How does the ""Event System"" in low-power MCUs enhance efficiency?",It allows for CPU-independent, inter-peripheral communication, which reduces the active time of the CPU.,,,,,
"34. What does the term ""SleepWalking"" refer to?",SleepWalking with dynamic power gating allows the MCU to be put into deep sleep and wake up only upon a pre-qualified event.,,,,,,,
35. What kind of applications does the PIC32MM family cater to?,The specific applications of the PIC32MM family are not detailed in the provided content.,,,,,,,
"36. What is the key feature of the ""Power Debugger"" tool?",The Power Debugger streams power measurements and application debug data to the Data Visualizer for real-time analysis.,,,,,,,
37. In which locations are the headquarters of Microchip Technology Inc.?,2355 West Chandler Blvd., Chandler, Arizona, USA.,,,,
38. What is the significance of the MPLAB XC32 compiler?,It integrates with MPLAB X IDE and provides a full graphical front end for editing errors, creating breakpoints, and matching them to the corresponding lines in the source code.,,,,,
39. How does the MPLAB Code Configurator aid developers?,It offers a graphical programming environment that generates C code, enabling easy configuration of peripherals and functions.,,,,,,
40. What are the features of the PIC32CM LS60 Curiosity Pro kit?,It's ideal for evaluating the PIC32CM LS60 Arm Cortex-M23-based MCUs, integrating the Trust Platform ECC608 secure element and Arm TrustZone technology.,,,,,,
"41. What is the purpose of the ""Microchip Minutes SAM MCU Edition - Episode 1- Low Power Overview""?",It provides an introduction to the SAM MCU Low Power including technologies like Sleep Modes, Power Domains, the Event System, Sleep Walking, and the Peripheral Touch Controller.,,,
42. What is the operational range of SAM and PIC32 family derivatives in terms of voltage?,They are fully operational from 1.62V to 3.6V.,,,,,,,
43. What functionalities are offered by MPLAB X IDE?,MPLAB X IDE provides a single integrated environment to develop code for embedded microcontrollers and integrates the MPLAB XC32 compiler.,,,,,,,
44. What are the features of the SAM L10 Xplained Pro Evaluation Kit?,It's ideal for evaluating the ultra-low power SAM L10 Arm Cortex-M23 based MCUs, supported with various demo examples, and features a mikroBUS socket and Xplained Pro extension headers.,,,,,
"45. What does the ""Battery Life Estimator"" tool model in terms of an application's operating conditions?",It models the target device, battery type, voltage, temperature, and the active and power-down times of the application.,,,
46. What are the features of the SAM L11 Xplained Pro Evaluation Kit?,It's ideal for the ultra-low power SAM L11 Arm Cortex-M23 based MCUs with chip-level security and Arm TrustZone technology.,,,,,,,
"47. How does the ""Event System"" in low-power MCUs benefit power efficiency?",The Event System offloads and minimizes CPU active time through CPU-independent, inter-peripheral communication.,,,,,,
48. What is a key feature of the Enhanced Peripheral Touch Controller (PTC)?,It offers 4 ?A standby with multi-button wake on touch and is responsive with superior water tolerance and noise immunity.,,,,,,,
49. Which tool offers a comprehensive solution for a project’s development software needs and integrates with MPLAB X IDE?,MPLAB XC32.,,,,,,,
50. What are the benefits of the eXtreme Low Power (XLP) and picoPower technologies?,They enhance the power efficiency of microcontrollers.,,,,,,,
